,NEG_word
0,2-faced
1,2-faces
2,abnormal
3,abolish
4,abominable
5,abominably
6,abominate
7,abomination
8,abort
9,aborted
10,aborts
11,abrade
12,abrasive
13,abrupt
14,abruptly
15,abscond
16,absence
17,absent-minded
18,absentee
19,absurd
20,absurdity
21,absurdly
22,absurdness
23,abuse
24,abused
25,abuses
26,abusive
27,abysmal
28,abysmally
29,abyss
30,accidental
31,accost
32,accursed
33,accusation
34,accusations
35,accuse
36,accuses
37,accusing
38,accusingly
39,acerbate
40,acerbic
41,acerbically
42,ache
43,ached
44,aches
45,achey
46,aching
47,acrid
48,acridly
49,acridness
50,acrimonious
51,acrimoniously
52,acrimony
53,adamant
54,adamantly
55,addict
56,addicted
57,addicting
58,addicts
59,admonish
60,admonisher
61,admonishingly
62,admonishment
63,admonition
64,adulterate
65,adulterated
66,adulteration
67,adulterier
68,adversarial
69,adversary
70,adverse
71,adversity
72,afflict
73,affliction
74,afflictive
75,affront
76,afraid
77,aggravate
78,aggravating
79,aggravation
80,aggression
81,aggressive
82,aggressiveness
83,aggressor
84,aggrieve
85,aggrieved
86,aggrivation
87,aghast
88,agonies
89,agonize
90,agonizing
91,agonizingly
92,agony
93,aground
94,ail
95,ailing
96,ailment
97,aimless
98,alarm
99,alarmed
100,alarming
101,alarmingly
102,alienate
103,alienated
104,alienation
105,allegation
106,allegations
107,allege
108,allergic
109,allergies
110,allergy
111,aloof
112,altercation
113,ambiguity
114,ambiguous
115,ambivalence
116,ambivalent
117,ambush
118,amiss
119,amputate
120,anarchism
121,anarchist
122,anarchistic
123,anarchy
124,anemic
125,anger
126,angrily
127,angriness
128,angry
129,anguish
130,animosity
131,annihilate
132,annihilation
133,annoy
134,annoyance
135,annoyances
136,annoyed
137,annoying
138,annoyingly
139,annoys
140,anomalous
141,anomaly
142,antagonism
143,antagonist
144,antagonistic
145,antagonize
146,anti-
147,anti-american
148,anti-israeli
149,anti-occupation
150,anti-proliferation
151,anti-semites
152,anti-social
153,anti-us
154,anti-white
155,antipathy
156,antiquated
157,antithetical
158,anxieties
159,anxiety
160,anxious
161,anxiously
162,anxiousness
163,apathetic
164,apathetically
165,apathy
166,apocalypse
167,apocalyptic
168,apologist
169,apologists
170,appal
171,appall
172,appalled
173,appalling
174,appallingly
175,apprehension
176,apprehensions
177,apprehensive
178,apprehensively
179,arbitrary
180,arcane
181,archaic
182,arduous
183,arduously
184,argumentative
185,arrogance
186,arrogant
187,arrogantly
188,ashamed
189,asinine
190,asininely
191,asinininity
192,askance
193,asperse
194,aspersion
195,aspersions
196,assail
197,assassin
198,assassinate
199,assault
200,assult
201,astray
202,asunder
203,atrocious
204,atrocities
205,atrocity
206,atrophy
207,attack
208,attacks
209,audacious
210,audaciously
211,audaciousness
212,audacity
213,audiciously
214,austere
215,authoritarian
216,autocrat
217,autocratic
218,avalanche
219,avarice
220,avaricious
221,avariciously
222,avenge
223,averse
224,aversion
225,aweful
226,awful
227,awfully
228,awfulness
229,awkward
230,awkwardness
231,ax
232,babble
233,back-logged
234,back-wood
235,back-woods
236,backache
237,backaches
238,backaching
239,backbite
240,backbiting
241,backward
242,backwardness
243,backwood
244,backwoods
245,bad
246,badly
247,baffle
248,baffled
249,bafflement
250,baffling
251,bait
252,balk
253,banal
254,banalize
255,bane
256,banish
257,banishment
258,bankrupt
259,barbarian
260,barbaric
261,barbarically
262,barbarity
263,barbarous
264,barbarously
265,barren
266,baseless
267,bash
268,bashed
269,bashful
270,bashing
271,bastard
272,bastards
273,battered
274,battering
275,batty
276,bearish
277,beastly
278,bedlam
279,bedlamite
280,befoul
281,beg
282,beggar
283,beggarly
284,begging
285,beguile
286,belabor
287,belated
288,beleaguer
289,belie
290,belittle
291,belittled
292,belittling
293,bellicose
294,belligerence
295,belligerent
296,belligerently
297,bemoan
298,bemoaning
299,bemused
300,bent
301,berate
302,bereave
303,bereavement
304,bereft
305,berserk
306,beseech
307,beset
308,besiege
309,besmirch
310,bestial
311,betray
312,betrayal
313,betrayals
314,betrayer
315,betraying
316,betrays
317,bewail
318,beware
319,bewilder
320,bewildered
321,bewildering
322,bewilderingly
323,bewilderment
324,bewitch
325,bias
326,biased
327,biases
328,bicker
329,bickering
330,bid-rigging
331,bigotries
332,bigotry
333,bitch
334,bitchy
335,biting
336,bitingly
337,bitter
338,bitterly
339,bitterness
340,bizarre
341,blab
342,blabber
343,blackmail
344,blah
345,blame
346,blameworthy
347,bland
348,blandish
349,blaspheme
350,blasphemous
351,blasphemy
352,blasted
353,blatant
354,blatantly
355,blather
356,bleak
357,bleakly
358,bleakness
359,bleed
360,bleeding
361,bleeds
362,blemish
363,blind
364,blinding
365,blindingly
366,blindside
367,blister
368,blistering
369,bloated
370,blockage
371,blockhead
372,bloodshed
373,bloodthirsty
374,bloody
375,blotchy
376,blow
377,blunder
378,blundering
379,blunders
380,blunt
381,blur
382,bluring
383,blurred
384,blurring
385,blurry
386,blurs
387,blurt
388,boastful
389,boggle
390,bogus
391,boil
392,boiling
393,boisterous
394,bomb
395,bombard
396,bombardment
397,bombastic
398,bondage
399,bonkers
400,bore
401,bored
402,boredom
403,bores
404,boring
405,botch
406,bother
407,bothered
408,bothering
409,bothers
410,bothersome
411,bowdlerize
412,boycott
413,braggart
414,bragger
415,brainless
416,brainwash
417,brash
418,brashly
419,brashness
420,brat
421,bravado
422,brazen
423,brazenly
424,brazenness
425,breach
426,break
427,break-up
428,break-ups
429,breakdown
430,breaking
431,breaks
432,breakup
433,breakups
434,bribery
435,brimstone
436,bristle
437,brittle
438,broke
439,broken
440,broken-hearted
441,brood
442,browbeat
443,bruise
444,bruised
445,bruises
446,bruising
447,brusque
448,brutal
449,brutalising
450,brutalities
451,brutality
452,brutalize
453,brutalizing
454,brutally
455,brute
456,brutish
457,bs
458,buckle
459,bug
460,bugging
461,buggy
462,bugs
463,bulkier
464,bulkiness
465,bulky
466,bulkyness
467,bull****
468,bull----
469,bullies
470,bullshit
471,bullshyt
472,bully
473,bullying
474,bullyingly
475,bum
476,bump
477,bumped
478,bumping
479,bumpping
480,bumps
481,bumpy
482,bungle
483,bungler
484,bungling
485,bunk
486,burden
487,burdensome
488,burdensomely
489,burn
490,burned
491,burning
492,burns
493,bust
494,busts
495,busybody
496,butcher
497,butchery
498,buzzing
499,byzantine
500,cackle
501,calamities
502,calamitous
503,calamitously
504,calamity
505,callous
506,calumniate
507,calumniation
508,calumnies
509,calumnious
510,calumniously
511,calumny
512,cancer
513,cancerous
514,cannibal
515,cannibalize
516,capitulate
517,capricious
518,capriciously
519,capriciousness
520,capsize
521,careless
522,carelessness
523,caricature
524,carnage
525,carp
526,cartoonish
527,cash-strapped
528,castigate
529,castrated
530,casualty
531,cataclysm
532,cataclysmal
533,cataclysmic
534,cataclysmically
535,catastrophe
536,catastrophes
537,catastrophic
538,catastrophically
539,catastrophies
540,caustic
541,caustically
542,cautionary
543,cave
544,censure
545,chafe
546,chaff
547,chagrin
548,challenging
549,chaos
550,chaotic
551,chasten
552,chastise
553,chastisement
554,chatter
555,chatterbox
556,cheap
557,cheapen
558,cheaply
559,cheat
560,cheated
561,cheater
562,cheating
563,cheats
564,checkered
565,cheerless
566,cheesy
567,chide
568,childish
569,chill
570,chilly
571,chintzy
572,choke
573,choleric
574,choppy
575,chore
576,chronic
577,chunky
578,clamor
579,clamorous
580,clash
581,cliche
582,cliched
583,clique
584,clog
585,clogged
586,clogs
587,cloud
588,clouding
589,cloudy
590,clueless
591,clumsy
592,clunky
593,coarse
594,cocky
595,coerce
596,coercion
597,coercive
598,cold
599,coldly
600,collapse
601,collude
602,collusion
603,combative
604,combust
605,comical
606,commiserate
607,commonplace
608,commotion
609,commotions
610,complacent
611,complain
612,complained
613,complaining
614,complains
615,complaint
616,complaints
617,complex
618,complicated
619,complication
620,complicit
621,compulsion
622,compulsive
623,concede
624,conceded
625,conceit
626,conceited
627,concen
628,concens
629,concern
630,concerned
631,concerns
632,concession
633,concessions
634,condemn
635,condemnable
636,condemnation
637,condemned
638,condemns
639,condescend
640,condescending
641,condescendingly
642,condescension
643,confess
644,confession
645,confessions
646,confined
647,conflict
648,conflicted
649,conflicting
650,conflicts
651,confound
652,confounded
653,confounding
654,confront
655,confrontation
656,confrontational
657,confuse
658,confused
659,confuses
660,confusing
661,confusion
662,confusions
663,congested
664,congestion
665,cons
666,conscons
667,conservative
668,conspicuous
669,conspicuously
670,conspiracies
671,conspiracy
672,conspirator
673,conspiratorial
674,conspire
675,consternation
676,contagious
677,contaminate
678,contaminated
679,contaminates
680,contaminating
681,contamination
682,contempt
683,contemptible
684,contemptuous
685,contemptuously
686,contend
687,contention
688,contentious
689,contort
690,contortions
691,contradict
692,contradiction
693,contradictory
694,contrariness
695,contravene
696,contrive
697,contrived
698,controversial
699,controversy
700,convoluted
701,corrode
702,corrosion
703,corrosions
704,corrosive
705,corrupt
706,corrupted
707,corrupting
708,corruption
709,corrupts
710,corruptted
711,costlier
712,costly
713,counter-productive
714,counterproductive
715,coupists
716,covetous
717,coward
718,cowardly
719,crabby
720,crack
721,cracked
722,cracks
723,craftily
724,craftly
725,crafty
726,cramp
727,cramped
728,cramping
729,cranky
730,crap
731,crappy
732,craps
733,crash
734,crashed
735,crashes
736,crashing
737,crass
738,craven
739,cravenly
740,craze
741,crazily
742,craziness
743,crazy
744,creak
745,creaking
746,creaks
747,credulous
748,creep
749,creeping
750,creeps
751,creepy
752,crept
753,crime
754,criminal
755,cringe
756,cringed
757,cringes
758,cripple
759,crippled
760,cripples
761,crippling
762,crisis
763,critic
764,critical
765,criticism
766,criticisms
767,criticize
768,criticized
769,criticizing
770,critics
771,cronyism
772,crook
773,crooked
774,crooks
775,crowded
776,crowdedness
777,crude
778,cruel
779,crueler
780,cruelest
781,cruelly
782,cruelness
783,cruelties
784,cruelty
785,crumble
786,crumbling
787,crummy
788,crumple
789,crumpled
790,crumples
791,crush
792,crushed
793,crushing
794,cry
795,culpable
796,culprit
797,cumbersome
798,cunt
799,cunts
800,cuplrit
801,curse
802,cursed
803,curses
804,curt
805,cuss
806,cussed
807,cutthroat
808,cynical
809,cynicism
810,d*mn
811,damage
812,damaged
813,damages
814,damaging
815,damn
816,damnable
817,damnably
818,damnation
819,damned
820,damning
821,damper
822,danger
823,dangerous
824,dangerousness
825,dark
826,darken
827,darkened
828,darker
829,darkness
830,dastard
831,dastardly
832,daunt
833,daunting
834,dauntingly
835,dawdle
836,daze
837,dazed
838,dead
839,deadbeat
840,deadlock
841,deadly
842,deadweight
843,deaf
844,dearth
845,death
846,debacle
847,debase
848,debasement
849,debaser
850,debatable
851,debauch
852,debaucher
853,debauchery
854,debilitate
855,debilitating
856,debility
857,debt
858,debts
859,decadence
860,decadent
861,decay
862,decayed
863,deceit
864,deceitful
865,deceitfully
866,deceitfulness
867,deceive
868,deceiver
869,deceivers
870,deceiving
871,deception
872,deceptive
873,deceptively
874,declaim
875,decline
876,declines
877,declining
878,decrement
879,decrepit
880,decrepitude
881,decry
882,defamation
883,defamations
884,defamatory
885,defame
886,defect
887,defective
888,defects
889,defensive
890,defiance
891,defiant
892,defiantly
893,deficiencies
894,deficiency
895,deficient
896,defile
897,defiler
898,deform
899,deformed
900,defrauding
901,defunct
902,defy
903,degenerate
904,degenerately
905,degeneration
906,degradation
907,degrade
908,degrading
909,degradingly
910,dehumanization
911,dehumanize
912,deign
913,deject
914,dejected
915,dejectedly
916,dejection
917,delay
918,delayed
919,delaying
920,delays
921,delinquency
922,delinquent
923,delirious
924,delirium
925,delude
926,deluded
927,deluge
928,delusion
929,delusional
930,delusions
931,demean
932,demeaning
933,demise
934,demolish
935,demolisher
936,demon
937,demonic
938,demonize
939,demonized
940,demonizes
941,demonizing
942,demoralize
943,demoralizing
944,demoralizingly
945,denial
946,denied
947,denies
948,denigrate
949,denounce
950,dense
951,dent
952,dented
953,dents
954,denunciate
955,denunciation
956,denunciations
957,deny
958,denying
959,deplete
960,deplorable
961,deplorably
962,deplore
963,deploring
964,deploringly
965,deprave
966,depraved
967,depravedly
968,deprecate
969,depress
970,depressed
971,depressing
972,depressingly
973,depression
974,depressions
975,deprive
976,deprived
977,deride
978,derision
979,derisive
980,derisively
981,derisiveness
982,derogatory
983,desecrate
984,desert
985,desertion
986,desiccate
987,desiccated
988,desititute
989,desolate
990,desolately
991,desolation
992,despair
993,despairing
994,despairingly
995,desperate
996,desperately
997,desperation
998,despicable
999,despicably
1000,despise
1001,despised
1002,despoil
1003,despoiler
1004,despondence
1005,despondency
1006,despondent
1007,despondently
1008,despot
1009,despotic
1010,despotism
1011,destabilisation
1012,destains
1013,destitute
1014,destitution
1015,destroy
1016,destroyer
1017,destruction
1018,destructive
1019,desultory
1020,deter
1021,deteriorate
1022,deteriorating
1023,deterioration
1024,deterrent
1025,detest
1026,detestable
1027,detestably
1028,detested
1029,detesting
1030,detests
1031,detract
1032,detracted
1033,detracting
1034,detraction
1035,detracts
1036,detriment
1037,detrimental
1038,devastate
1039,devastated
1040,devastates
1041,devastating
1042,devastatingly
1043,devastation
1044,deviate
1045,deviation
1046,devil
1047,devilish
1048,devilishly
1049,devilment
1050,devilry
1051,devious
1052,deviously
1053,deviousness
1054,devoid
1055,diabolic
1056,diabolical
1057,diabolically
1058,diametrically
1059,diappointed
1060,diatribe
1061,diatribes
1062,dick
1063,dictator
1064,dictatorial
1065,die
1066,die-hard
1067,died
1068,dies
1069,difficult
1070,difficulties
1071,difficulty
1072,diffidence
1073,dilapidated
1074,dilemma
1075,dilly-dally
1076,dim
1077,dimmer
1078,din
1079,ding
1080,dings
1081,dinky
1082,dire
1083,direly
1084,direness
1085,dirt
1086,dirtbag
1087,dirtbags
1088,dirts
1089,dirty
1090,disable
1091,disabled
1092,disaccord
1093,disadvantage
1094,disadvantaged
1095,disadvantageous
1096,disadvantages
1097,disaffect
1098,disaffected
1099,disaffirm
1100,disagree
1101,disagreeable
1102,disagreeably
1103,disagreed
1104,disagreeing
1105,disagreement
1106,disagrees
1107,disallow
1108,disapointed
1109,disapointing
1110,disapointment
1111,disappoint
1112,disappointed
1113,disappointing
1114,disappointingly
1115,disappointment
1116,disappointments
1117,disappoints
1118,disapprobation
1119,disapproval
1120,disapprove
1121,disapproving
1122,disarm
1123,disarray
1124,disaster
1125,disasterous
1126,disastrous
1127,disastrously
1128,disavow
1129,disavowal
1130,disbelief
1131,disbelieve
1132,disbeliever
1133,disclaim
1134,discombobulate
1135,discomfit
1136,discomfititure
1137,discomfort
1138,discompose
1139,disconcert
1140,disconcerted
1141,disconcerting
1142,disconcertingly
1143,disconsolate
1144,disconsolately
1145,disconsolation
1146,discontent
1147,discontented
1148,discontentedly
1149,discontinued
1150,discontinuity
1151,discontinuous
1152,discord
1153,discordance
1154,discordant
1155,discountenance
1156,discourage
1157,discouragement
1158,discouraging
1159,discouragingly
1160,discourteous
1161,discourteously
1162,discoutinous
1163,discredit
1164,discrepant
1165,discriminate
1166,discrimination
1167,discriminatory
1168,disdain
1169,disdained
1170,disdainful
1171,disdainfully
1172,disfavor
1173,disgrace
1174,disgraced
1175,disgraceful
1176,disgracefully
1177,disgruntle
1178,disgruntled
1179,disgust
1180,disgusted
1181,disgustedly
1182,disgustful
1183,disgustfully
1184,disgusting
1185,disgustingly
1186,dishearten
1187,disheartening
1188,dishearteningly
1189,dishonest
1190,dishonestly
1191,dishonesty
1192,dishonor
1193,dishonorable
1194,dishonorablely
1195,disillusion
1196,disillusioned
1197,disillusionment
1198,disillusions
1199,disinclination
1200,disinclined
1201,disingenuous
1202,disingenuously
1203,disintegrate
1204,disintegrated
1205,disintegrates
1206,disintegration
1207,disinterest
1208,disinterested
1209,dislike
1210,disliked
1211,dislikes
1212,disliking
1213,dislocated
1214,disloyal
1215,disloyalty
1216,dismal
1217,dismally
1218,dismalness
1219,dismay
1220,dismayed
1221,dismaying
1222,dismayingly
1223,dismissive
1224,dismissively
1225,disobedience
1226,disobedient
1227,disobey
1228,disoobedient
1229,disorder
1230,disordered
1231,disorderly
1232,disorganized
1233,disorient
1234,disoriented
1235,disown
1236,disparage
1237,disparaging
1238,disparagingly
1239,dispensable
1240,dispirit
1241,dispirited
1242,dispiritedly
1243,dispiriting
1244,displace
1245,displaced
1246,displease
1247,displeased
1248,displeasing
1249,displeasure
1250,disproportionate
1251,disprove
1252,disputable
1253,dispute
1254,disputed
1255,disquiet
1256,disquieting
1257,disquietingly
1258,disquietude
1259,disregard
1260,disregardful
1261,disreputable
1262,disrepute
1263,disrespect
1264,disrespectable
1265,disrespectablity
1266,disrespectful
1267,disrespectfully
1268,disrespectfulness
1269,disrespecting
1270,disrupt
1271,disruption
1272,disruptive
1273,diss
1274,dissapointed
1275,dissappointed
1276,dissappointing
1277,dissatisfaction
1278,dissatisfactory
1279,dissatisfied
1280,dissatisfies
1281,dissatisfy
1282,dissatisfying
1283,dissed
1284,dissemble
1285,dissembler
1286,dissension
1287,dissent
1288,dissenter
1289,dissention
1290,disservice
1291,disses
1292,dissidence
1293,dissident
1294,dissidents
1295,dissing
1296,dissocial
1297,dissolute
1298,dissolution
1299,dissonance
1300,dissonant
1301,dissonantly
1302,dissuade
1303,dissuasive
1304,distains
1305,distaste
1306,distasteful
1307,distastefully
1308,distort
1309,distorted
1310,distortion
1311,distorts
1312,distract
1313,distracting
1314,distraction
1315,distraught
1316,distraughtly
1317,distraughtness
1318,distress
1319,distressed
1320,distressing
1321,distressingly
1322,distrust
1323,distrustful
1324,distrusting
1325,disturb
1326,disturbance
1327,disturbed
1328,disturbing
1329,disturbingly
1330,disunity
1331,disvalue
1332,divergent
1333,divisive
1334,divisively
1335,divisiveness
1336,dizzing
1337,dizzingly
1338,dizzy
1339,doddering
1340,dodgey
1341,dogged
1342,doggedly
1343,dogmatic
1344,doldrums
1345,domineer
1346,domineering
1347,donside
1348,doom
1349,doomed
1350,doomsday
1351,dope
1352,doubt
1353,doubtful
1354,doubtfully
1355,doubts
1356,douchbag
1357,douchebag
1358,douchebags
1359,downbeat
1360,downcast
1361,downer
1362,downfall
1363,downfallen
1364,downgrade
1365,downhearted
1366,downheartedly
1367,downhill
1368,downside
1369,downsides
1370,downturn
1371,downturns
1372,drab
1373,draconian
1374,draconic
1375,drag
1376,dragged
1377,dragging
1378,dragoon
1379,drags
1380,drain
1381,drained
1382,draining
1383,drains
1384,drastic
1385,drastically
1386,drawback
1387,drawbacks
1388,dread
1389,dreadful
1390,dreadfully
1391,dreadfulness
1392,dreary
1393,dripped
1394,dripping
1395,drippy
1396,drips
1397,drones
1398,droop
1399,droops
1400,drop-out
1401,drop-outs
1402,dropout
1403,dropouts
1404,drought
1405,drowning
1406,drunk
1407,drunkard
1408,drunken
1409,dubious
1410,dubiously
1411,dubitable
1412,dud
1413,dull
1414,dullard
1415,dumb
1416,dumbfound
1417,dump
1418,dumped
1419,dumping
1420,dumps
1421,dunce
1422,dungeon
1423,dungeons
1424,dupe
1425,dust
1426,dusty
1427,dwindling
1428,dying
1429,earsplitting
1430,eccentric
1431,eccentricity
1432,effigy
1433,effrontery
1434,egocentric
1435,egomania
1436,egotism
1437,egotistical
1438,egotistically
1439,egregious
1440,egregiously
1441,election-rigger
1442,elimination
1443,emaciated
1444,emasculate
1445,embarrass
1446,embarrassing
1447,embarrassingly
1448,embarrassment
1449,embattled
1450,embroil
1451,embroiled
1452,embroilment
1453,emergency
1454,emphatic
1455,emphatically
1456,emptiness
1457,encroach
1458,encroachment
1459,endanger
1460,enemies
1461,enemy
1462,enervate
1463,enfeeble
1464,enflame
1465,engulf
1466,enjoin
1467,enmity
1468,enrage
1469,enraged
1470,enraging
1471,enslave
1472,entangle
1473,entanglement
1474,entrap
1475,entrapment
1476,envious
1477,enviously
1478,enviousness
1479,epidemic
1480,equivocal
1481,erase
1482,erode
1483,erodes
1484,erosion
1485,err
1486,errant
1487,erratic
1488,erratically
1489,erroneous
1490,erroneously
1491,error
1492,errors
1493,eruptions
1494,escapade
1495,eschew
1496,estranged
1497,evade
1498,evasion
1499,evasive
1500,evil
1501,evildoer
1502,evils
1503,eviscerate
1504,exacerbate
1505,exagerate
1506,exagerated
1507,exagerates
1508,exaggerate
1509,exaggeration
1510,exasperate
1511,exasperated
1512,exasperating
1513,exasperatingly
1514,exasperation
1515,excessive
1516,excessively
1517,exclusion
1518,excoriate
1519,excruciating
1520,excruciatingly
1521,excuse
1522,excuses
1523,execrate
1524,exhaust
1525,exhausted
1526,exhaustion
1527,exhausts
1528,exhorbitant
1529,exhort
1530,exile
1531,exorbitant
1532,exorbitantance
1533,exorbitantly
1534,expel
1535,expensive
1536,expire
1537,expired
1538,explode
1539,exploit
1540,exploitation
1541,explosive
1542,expropriate
1543,expropriation
1544,expulse
1545,expunge
1546,exterminate
1547,extermination
1548,extinguish
1549,extort
1550,extortion
1551,extraneous
1552,extravagance
1553,extravagant
1554,extravagantly
1555,extremism
1556,extremist
1557,extremists
1558,eyesore
1559,f**k
1560,fabricate
1561,fabrication
1562,facetious
1563,facetiously
1564,fail
1565,failed
1566,failing
1567,fails
1568,failure
1569,failures
1570,faint
1571,fainthearted
1572,faithless
1573,fake
1574,fall
1575,fallacies
1576,fallacious
1577,fallaciously
1578,fallaciousness
1579,fallacy
1580,fallen
1581,falling
1582,fallout
1583,falls
1584,false
1585,falsehood
1586,falsely
1587,falsify
1588,falter
1589,faltered
1590,famine
1591,famished
1592,fanatic
1593,fanatical
1594,fanatically
1595,fanaticism
1596,fanatics
1597,fanciful
1598,far-fetched
1599,farce
1600,farcical
1601,farcical-yet-provocative
1602,farcically
1603,farfetched
1604,fascism
1605,fascist
1606,fastidious
1607,fastidiously
1608,fastuous
1609,fat
1610,fat-cat
1611,fat-cats
1612,fatal
1613,fatalistic
1614,fatalistically
1615,fatally
1616,fatcat
1617,fatcats
1618,fateful
1619,fatefully
1620,fathomless
1621,fatigue
1622,fatigued
1623,fatique
1624,fatty
1625,fatuity
1626,fatuous
1627,fatuously
1628,fault
1629,faults
1630,faulty
1631,fawningly
1632,faze
1633,fear
1634,fearful
1635,fearfully
1636,fears
1637,fearsome
1638,feckless
1639,feeble
1640,feeblely
1641,feebleminded
1642,feign
1643,feint
1644,fell
1645,felon
1646,felonious
1647,ferociously
1648,ferocity
1649,fetid
1650,fever
1651,feverish
1652,fevers
1653,fiasco
1654,fib
1655,fibber
1656,fickle
1657,fiction
1658,fictional
1659,fictitious
1660,fidget
1661,fidgety
1662,fiend
1663,fiendish
1664,fierce
1665,figurehead
1666,filth
1667,filthy
1668,finagle
1669,finicky
1670,fissures
1671,fist
1672,flabbergast
1673,flabbergasted
1674,flagging
1675,flagrant
1676,flagrantly
1677,flair
1678,flairs
1679,flak
1680,flake
1681,flakey
1682,flakieness
1683,flaking
1684,flaky
1685,flare
1686,flares
1687,flareup
1688,flareups
1689,flat-out
1690,flaunt
1691,flaw
1692,flawed
1693,flaws
1694,flee
1695,fleed
1696,fleeing
1697,fleer
1698,flees
1699,fleeting
1700,flicering
1701,flicker
1702,flickering
1703,flickers
1704,flighty
1705,flimflam
1706,flimsy
1707,flirt
1708,flirty
1709,floored
1710,flounder
1711,floundering
1712,flout
1713,fluster
1714,foe
1715,fool
1716,fooled
1717,foolhardy
1718,foolish
1719,foolishly
1720,foolishness
1721,forbid
1722,forbidden
1723,forbidding
1724,forceful
1725,foreboding
1726,forebodingly
1727,forfeit
1728,forged
1729,forgetful
1730,forgetfully
1731,forgetfulness
1732,forlorn
1733,forlornly
1734,forsake
1735,forsaken
1736,forswear
1737,foul
1738,foully
1739,foulness
1740,fractious
1741,fractiously
1742,fracture
1743,fragile
1744,fragmented
1745,frail
1746,frantic
1747,frantically
1748,franticly
1749,fraud
1750,fraudulent
1751,fraught
1752,frazzle
1753,frazzled
1754,freak
1755,freaking
1756,freakish
1757,freakishly
1758,freaks
1759,freeze
1760,freezes
1761,freezing
1762,frenetic
1763,frenetically
1764,frenzied
1765,frenzy
1766,fret
1767,fretful
1768,frets
1769,friction
1770,frictions
1771,fried
1772,friggin
1773,frigging
1774,fright
1775,frighten
1776,frightening
1777,frighteningly
1778,frightful
1779,frightfully
1780,frigid
1781,frost
1782,frown
1783,froze
1784,frozen
1785,fruitless
1786,fruitlessly
1787,frustrate
1788,frustrated
1789,frustrates
1790,frustrating
1791,frustratingly
1792,frustration
1793,frustrations
1794,fuck
1795,fucking
1796,fudge
1797,fugitive
1798,full-blown
1799,fulminate
1800,fumble
1801,fume
1802,fumes
1803,fundamentalism
1804,funky
1805,funnily
1806,funny
1807,furious
1808,furiously
1809,furor
1810,fury
1811,fuss
1812,fussy
1813,fustigate
1814,fusty
1815,futile
1816,futilely
1817,futility
1818,fuzzy
1819,gabble
1820,gaff
1821,gaffe
1822,gainsay
1823,gainsayer
1824,gall
1825,galling
1826,gallingly
1827,galls
1828,gangster
1829,gape
1830,garbage
1831,garish
1832,gasp
1833,gauche
1834,gaudy
1835,gawk
1836,gawky
1837,geezer
1838,genocide
1839,get-rich
1840,ghastly
1841,ghetto
1842,ghosting
1843,gibber
1844,gibberish
1845,gibe
1846,giddy
1847,gimmick
1848,gimmicked
1849,gimmicking
1850,gimmicks
1851,gimmicky
1852,glare
1853,glaringly
1854,glib
1855,glibly
1856,glitch
1857,glitches
1858,gloatingly
1859,gloom
1860,gloomy
1861,glower
1862,glum
1863,glut
1864,gnawing
1865,goad
1866,goading
1867,god-awful
1868,goof
1869,goofy
1870,goon
1871,gossip
1872,graceless
1873,gracelessly
1874,graft
1875,grainy
1876,grapple
1877,grate
1878,grating
1879,gravely
1880,greasy
1881,greed
1882,greedy
1883,grief
1884,grievance
1885,grievances
1886,grieve
1887,grieving
1888,grievous
1889,grievously
1890,grim
1891,grimace
1892,grind
1893,gripe
1894,gripes
1895,grisly
1896,gritty
1897,gross
1898,grossly
1899,grotesque
1900,grouch
1901,grouchy
1902,groundless
1903,grouse
1904,growl
1905,grudge
1906,grudges
1907,grudging
1908,grudgingly
1909,gruesome
1910,gruesomely
1911,gruff
1912,grumble
1913,grumpier
1914,grumpiest
1915,grumpily
1916,grumpish
1917,grumpy
1918,guile
1919,guilt
1920,guiltily
1921,guilty
1922,gullible
1923,gutless
1924,gutter
1925,hack
1926,hacks
1927,haggard
1928,haggle
1929,hairloss
1930,halfhearted
1931,halfheartedly
1932,hallucinate
1933,hallucination
1934,hamper
1935,hampered
1936,handicapped
1937,hang
1938,hangs
1939,haphazard
1940,hapless
1941,harangue
1942,harass
1943,harassed
1944,harasses
1945,harassment
1946,harboring
1947,harbors
1948,hard
1949,hard-hit
1950,hard-line
1951,hard-liner
1952,hardball
1953,harden
1954,hardened
1955,hardheaded
1956,hardhearted
1957,hardliner
1958,hardliners
1959,hardship
1960,hardships
1961,harm
1962,harmed
1963,harmful
1964,harms
1965,harpy
1966,harridan
1967,harried
1968,harrow
1969,harsh
1970,harshly
1971,hasseling
1972,hassle
1973,hassled
1974,hassles
1975,haste
1976,hastily
1977,hasty
1978,hate
1979,hated
1980,hateful
1981,hatefully
1982,hatefulness
1983,hater
1984,haters
1985,hates
1986,hating
1987,hatred
1988,haughtily
1989,haughty
1990,haunt
1991,haunting
1992,havoc
1993,hawkish
1994,haywire
1995,hazard
1996,hazardous
1997,haze
1998,hazy
1999,head-aches
2000,headache
2001,headaches
2002,heartbreaker
2003,heartbreaking
2004,heartbreakingly
2005,heartless
2006,heathen
2007,heavy-handed
2008,heavyhearted
2009,heck
2010,heckle
2011,heckled
2012,heckles
2013,hectic
2014,hedge
2015,hedonistic
2016,heedless
2017,hefty
2018,hegemonism
2019,hegemonistic
2020,hegemony
2021,heinous
2022,hell
2023,hell-bent
2024,hellion
2025,hells
2026,helpless
2027,helplessly
2028,helplessness
2029,heresy
2030,heretic
2031,heretical
2032,hesitant
2033,hestitant
2034,hideous
2035,hideously
2036,hideousness
2037,high-priced
2038,hiliarious
2039,hinder
2040,hindrance
2041,hiss
2042,hissed
2043,hissing
2044,ho-hum
2045,hoard
2046,hoax
2047,hobble
2048,hogs
2049,hollow
2050,hoodium
2051,hoodwink
2052,hooligan
2053,hopeless
2054,hopelessly
2055,hopelessness
2056,horde
2057,horrendous
2058,horrendously
2059,horrible
2060,horrid
2061,horrific
2062,horrified
2063,horrifies
2064,horrify
2065,horrifying
2066,horrifys
2067,hostage
2068,hostile
2069,hostilities
2070,hostility
2071,hotbeds
2072,hothead
2073,hotheaded
2074,hothouse
2075,hubris
2076,huckster
2077,hum
2078,humid
2079,humiliate
2080,humiliating
2081,humiliation
2082,humming
2083,hung
2084,hurt
2085,hurted
2086,hurtful
2087,hurting
2088,hurts
2089,hustler
2090,hype
2091,hypocricy
2092,hypocrisy
2093,hypocrite
2094,hypocrites
2095,hypocritical
2096,hypocritically
2097,hysteria
2098,hysteric
2099,hysterical
2100,hysterically
2101,hysterics
2102,idiocies
2103,idiocy
2104,idiot
2105,idiotic
2106,idiotically
2107,idiots
2108,idle
2109,ignoble
2110,ignominious
2111,ignominiously
2112,ignominy
2113,ignorance
2114,ignorant
2115,ignore
2116,ill-advised
2117,ill-conceived
2118,ill-defined
2119,ill-designed
2120,ill-fated
2121,ill-favored
2122,ill-formed
2123,ill-mannered
2124,ill-natured
2125,ill-sorted
2126,ill-tempered
2127,ill-treated
2128,ill-treatment
2129,ill-usage
2130,ill-used
2131,illegal
2132,illegally
2133,illegitimate
2134,illicit
2135,illiterate
2136,illness
2137,illogic
2138,illogical
2139,illogically
2140,illusion
2141,illusions
2142,illusory
2143,imaginary
2144,imbalance
2145,imbecile
2146,imbroglio
2147,immaterial
2148,immature
2149,imminence
2150,imminently
2151,immobilized
2152,immoderate
2153,immoderately
2154,immodest
2155,immoral
2156,immorality
2157,immorally
2158,immovable
2159,impair
2160,impaired
2161,impasse
2162,impatience
2163,impatient
2164,impatiently
2165,impeach
2166,impedance
2167,impede
2168,impediment
2169,impending
2170,impenitent
2171,imperfect
2172,imperfection
2173,imperfections
2174,imperfectly
2175,imperialist
2176,imperil
2177,imperious
2178,imperiously
2179,impermissible
2180,impersonal
2181,impertinent
2182,impetuous
2183,impetuously
2184,impiety
2185,impinge
2186,impious
2187,implacable
2188,implausible
2189,implausibly
2190,implicate
2191,implication
2192,implode
2193,impolite
2194,impolitely
2195,impolitic
2196,importunate
2197,importune
2198,impose
2199,imposers
2200,imposing
2201,imposition
2202,impossible
2203,impossiblity
2204,impossibly
2205,impotent
2206,impoverish
2207,impoverished
2208,impractical
2209,imprecate
2210,imprecise
2211,imprecisely
2212,imprecision
2213,imprison
2214,imprisonment
2215,improbability
2216,improbable
2217,improbably
2218,improper
2219,improperly
2220,impropriety
2221,imprudence
2222,imprudent
2223,impudence
2224,impudent
2225,impudently
2226,impugn
2227,impulsive
2228,impulsively
2229,impunity
2230,impure
2231,impurity
2232,inability
2233,inaccuracies
2234,inaccuracy
2235,inaccurate
2236,inaccurately
2237,inaction
2238,inactive
2239,inadequacy
2240,inadequate
2241,inadequately
2242,inadverent
2243,inadverently
2244,inadvisable
2245,inadvisably
2246,inane
2247,inanely
2248,inappropriate
2249,inappropriately
2250,inapt
2251,inaptitude
2252,inarticulate
2253,inattentive
2254,inaudible
2255,incapable
2256,incapably
2257,incautious
2258,incendiary
2259,incense
2260,incessant
2261,incessantly
2262,incite
2263,incitement
2264,incivility
2265,inclement
2266,incognizant
2267,incoherence
2268,incoherent
2269,incoherently
2270,incommensurate
2271,incomparable
2272,incomparably
2273,incompatability
2274,incompatibility
2275,incompatible
2276,incompetence
2277,incompetent
2278,incompetently
2279,incomplete
2280,incompliant
2281,incomprehensible
2282,incomprehension
2283,inconceivable
2284,inconceivably
2285,incongruous
2286,incongruously
2287,inconsequent
2288,inconsequential
2289,inconsequentially
2290,inconsequently
2291,inconsiderate
2292,inconsiderately
2293,inconsistence
2294,inconsistencies
2295,inconsistency
2296,inconsistent
2297,inconsolable
2298,inconsolably
2299,inconstant
2300,inconvenience
2301,inconveniently
2302,incorrect
2303,incorrectly
2304,incorrigible
2305,incorrigibly
2306,incredulous
2307,incredulously
2308,inculcate
2309,indecency
2310,indecent
2311,indecently
2312,indecision
2313,indecisive
2314,indecisively
2315,indecorum
2316,indefensible
2317,indelicate
2318,indeterminable
2319,indeterminably
2320,indeterminate
2321,indifference
2322,indifferent
2323,indigent
2324,indignant
2325,indignantly
2326,indignation
2327,indignity
2328,indiscernible
2329,indiscreet
2330,indiscreetly
2331,indiscretion
2332,indiscriminate
2333,indiscriminately
2334,indiscriminating
2335,indistinguishable
2336,indoctrinate
2337,indoctrination
2338,indolent
2339,indulge
2340,ineffective
2341,ineffectively
2342,ineffectiveness
2343,ineffectual
2344,ineffectually
2345,ineffectualness
2346,inefficacious
2347,inefficacy
2348,inefficiency
2349,inefficient
2350,inefficiently
2351,inelegance
2352,inelegant
2353,ineligible
2354,ineloquent
2355,ineloquently
2356,inept
2357,ineptitude
2358,ineptly
2359,inequalities
2360,inequality
2361,inequitable
2362,inequitably
2363,inequities
2364,inescapable
2365,inescapably
2366,inessential
2367,inevitable
2368,inevitably
2369,inexcusable
2370,inexcusably
2371,inexorable
2372,inexorably
2373,inexperience
2374,inexperienced
2375,inexpert
2376,inexpertly
2377,inexpiable
2378,inexplainable
2379,inextricable
2380,inextricably
2381,infamous
2382,infamously
2383,infamy
2384,infected
2385,infection
2386,infections
2387,inferior
2388,inferiority
2389,infernal
2390,infest
2391,infested
2392,infidel
2393,infidels
2394,infiltrator
2395,infiltrators
2396,infirm
2397,inflame
2398,inflammation
2399,inflammatory
2400,inflammed
2401,inflated
2402,inflationary
2403,inflexible
2404,inflict
2405,infraction
2406,infringe
2407,infringement
2408,infringements
2409,infuriate
2410,infuriated
2411,infuriating
2412,infuriatingly
2413,inglorious
2414,ingrate
2415,ingratitude
2416,inhibit
2417,inhibition
2418,inhospitable
2419,inhospitality
2420,inhuman
2421,inhumane
2422,inhumanity
2423,inimical
2424,inimically
2425,iniquitous
2426,iniquity
2427,injudicious
2428,injure
2429,injurious
2430,injury
2431,injustice
2432,injustices
2433,innuendo
2434,inoperable
2435,inopportune
2436,inordinate
2437,inordinately
2438,insane
2439,insanely
2440,insanity
2441,insatiable
2442,insecure
2443,insecurity
2444,insensible
2445,insensitive
2446,insensitively
2447,insensitivity
2448,insidious
2449,insidiously
2450,insignificance
2451,insignificant
2452,insignificantly
2453,insincere
2454,insincerely
2455,insincerity
2456,insinuate
2457,insinuating
2458,insinuation
2459,insociable
2460,insolence
2461,insolent
2462,insolently
2463,insolvent
2464,insouciance
2465,instability
2466,instable
2467,instigate
2468,instigator
2469,instigators
2470,insubordinate
2471,insubstantial
2472,insubstantially
2473,insufferable
2474,insufferably
2475,insufficiency
2476,insufficient
2477,insufficiently
2478,insular
2479,insult
2480,insulted
2481,insulting
2482,insultingly
2483,insults
2484,insupportable
2485,insupportably
2486,insurmountable
2487,insurmountably
2488,insurrection
2489,intefere
2490,inteferes
2491,intense
2492,interfere
2493,interference
2494,interferes
2495,intermittent
2496,interrupt
2497,interruption
2498,interruptions
2499,intimidate
2500,intimidating
2501,intimidatingly
2502,intimidation
2503,intolerable
2504,intolerablely
2505,intolerance
2506,intoxicate
2507,intractable
2508,intransigence
2509,intransigent
2510,intrude
2511,intrusion
2512,intrusive
2513,inundate
2514,inundated
2515,invader
2516,invalid
2517,invalidate
2518,invalidity
2519,invasive
2520,invective
2521,inveigle
2522,invidious
2523,invidiously
2524,invidiousness
2525,invisible
2526,involuntarily
2527,involuntary
2528,irascible
2529,irate
2530,irately
2531,ire
2532,irk
2533,irked
2534,irking
2535,irks
2536,irksome
2537,irksomely
2538,irksomeness
2539,irksomenesses
2540,ironic
2541,ironical
2542,ironically
2543,ironies
2544,irony
2545,irragularity
2546,irrational
2547,irrationalities
2548,irrationality
2549,irrationally
2550,irrationals
2551,irreconcilable
2552,irrecoverable
2553,irrecoverableness
2554,irrecoverablenesses
2555,irrecoverably
2556,irredeemable
2557,irredeemably
2558,irreformable
2559,irregular
2560,irregularity
2561,irrelevance
2562,irrelevant
2563,irreparable
2564,irreplacible
2565,irrepressible
2566,irresolute
2567,irresolvable
2568,irresponsible
2569,irresponsibly
2570,irretating
2571,irretrievable
2572,irreversible
2573,irritable
2574,irritably
2575,irritant
2576,irritate
2577,irritated
2578,irritating
2579,irritation
2580,irritations
2581,isolate
2582,isolated
2583,isolation
2584,issue
2585,issues
2586,itch
2587,itching
2588,itchy
2589,jabber
2590,jaded
2591,jagged
2592,jam
2593,jarring
2594,jaundiced
2595,jealous
2596,jealously
2597,jealousness
2598,jealousy
2599,jeer
2600,jeering
2601,jeeringly
2602,jeers
2603,jeopardize
2604,jeopardy
2605,jerk
2606,jerky
2607,jitter
2608,jitters
2609,jittery
2610,job-killing
2611,jobless
2612,joke
2613,joker
2614,jolt
2615,judder
2616,juddering
2617,judders
2618,jumpy
2619,junk
2620,junky
2621,junkyard
2622,jutter
2623,jutters
2624,kaput
2625,kill
2626,killed
2627,killer
2628,killing
2629,killjoy
2630,kills
2631,knave
2632,knife
2633,knock
2634,knotted
2635,kook
2636,kooky
2637,lack
2638,lackadaisical
2639,lacked
2640,lackey
2641,lackeys
2642,lacking
2643,lackluster
2644,lacks
2645,laconic
2646,lag
2647,lagged
2648,lagging
2649,laggy
2650,lags
2651,laid-off
2652,lambast
2653,lambaste
2654,lame
2655,lame-duck
2656,lament
2657,lamentable
2658,lamentably
2659,languid
2660,languish
2661,languor
2662,languorous
2663,languorously
2664,lanky
2665,lapse
2666,lapsed
2667,lapses
2668,lascivious
2669,last-ditch
2670,latency
2671,laughable
2672,laughably
2673,laughingstock
2674,lawbreaker
2675,lawbreaking
2676,lawless
2677,lawlessness
2678,layoff
2679,layoff-happy
2680,lazy
2681,leak
2682,leakage
2683,leakages
2684,leaking
2685,leaks
2686,leaky
2687,lech
2688,lecher
2689,lecherous
2690,lechery
2691,leech
2692,leer
2693,leery
2694,left-leaning
2695,lemon
2696,lengthy
2697,less-developed
2698,lesser-known
2699,letch
2700,lethal
2701,lethargic
2702,lethargy
2703,lewd
2704,lewdly
2705,lewdness
2706,liability
2707,liable
2708,liar
2709,liars
2710,licentious
2711,licentiously
2712,licentiousness
2713,lie
2714,lied
2715,lier
2716,lies
2717,life-threatening
2718,lifeless
2719,limit
2720,limitation
2721,limitations
2722,limited
2723,limits
2724,limp
2725,listless
2726,litigious
2727,little-known
2728,livid
2729,lividly
2730,loath
2731,loathe
2732,loathing
2733,loathly
2734,loathsome
2735,loathsomely
2736,lone
2737,loneliness
2738,lonely
2739,loner
2740,lonesome
2741,long-time
2742,long-winded
2743,longing
2744,longingly
2745,loophole
2746,loopholes
2747,loose
2748,loot
2749,lorn
2750,lose
2751,loser
2752,losers
2753,loses
2754,losing
2755,loss
2756,losses
2757,lost
2758,loud
2759,louder
2760,lousy
2761,loveless
2762,lovelorn
2763,low-rated
2764,lowly
2765,ludicrous
2766,ludicrously
2767,lugubrious
2768,lukewarm
2769,lull
2770,lumpy
2771,lunatic
2772,lunaticism
2773,lurch
2774,lure
2775,lurid
2776,lurk
2777,lurking
2778,lying
2779,macabre
2780,mad
2781,madden
2782,maddening
2783,maddeningly
2784,madder
2785,madly
2786,madman
2787,madness
2788,maladjusted
2789,maladjustment
2790,malady
2791,malaise
2792,malcontent
2793,malcontented
2794,maledict
2795,malevolence
2796,malevolent
2797,malevolently
2798,malice
2799,malicious
2800,maliciously
2801,maliciousness
2802,malign
2803,malignant
2804,malodorous
2805,maltreatment
2806,mangle
2807,mangled
2808,mangles
2809,mangling
2810,mania
2811,maniac
2812,maniacal
2813,manic
2814,manipulate
2815,manipulation
2816,manipulative
2817,manipulators
2818,mar
2819,marginal
2820,marginally
2821,martyrdom
2822,martyrdom-seeking
2823,mashed
2824,massacre
2825,massacres
2826,matte
2827,mawkish
2828,mawkishly
2829,mawkishness
2830,meager
2831,meaningless
2832,meanness
2833,measly
2834,meddle
2835,meddlesome
2836,mediocre
2837,mediocrity
2838,melancholy
2839,melodramatic
2840,melodramatically
2841,meltdown
2842,menace
2843,menacing
2844,menacingly
2845,mendacious
2846,mendacity
2847,menial
2848,merciless
2849,mercilessly
2850,mess
2851,messed
2852,messes
2853,messing
2854,messy
2855,midget
2856,miff
2857,militancy
2858,mindless
2859,mindlessly
2860,mirage
2861,mire
2862,misalign
2863,misaligned
2864,misaligns
2865,misapprehend
2866,misbecome
2867,misbecoming
2868,misbegotten
2869,misbehave
2870,misbehavior
2871,miscalculate
2872,miscalculation
2873,miscellaneous
2874,mischief
2875,mischievous
2876,mischievously
2877,misconception
2878,misconceptions
2879,miscreant
2880,miscreants
2881,misdirection
2882,miser
2883,miserable
2884,miserableness
2885,miserably
2886,miseries
2887,miserly
2888,misery
2889,misfit
2890,misfortune
2891,misgiving
2892,misgivings
2893,misguidance
2894,misguide
2895,misguided
2896,mishandle
2897,mishap
2898,misinform
2899,misinformed
2900,misinterpret
2901,misjudge
2902,misjudgment
2903,mislead
2904,misleading
2905,misleadingly
2906,mislike
2907,mismanage
2908,mispronounce
2909,mispronounced
2910,mispronounces
2911,misread
2912,misreading
2913,misrepresent
2914,misrepresentation
2915,miss
2916,missed
2917,misses
2918,misstatement
2919,mist
2920,mistake
2921,mistaken
2922,mistakenly
2923,mistakes
2924,mistified
2925,mistress
2926,mistrust
2927,mistrustful
2928,mistrustfully
2929,mists
2930,misunderstand
2931,misunderstanding
2932,misunderstandings
2933,misunderstood
2934,misuse
2935,moan
2936,mobster
2937,mock
2938,mocked
2939,mockeries
2940,mockery
2941,mocking
2942,mockingly
2943,mocks
2944,molest
2945,molestation
2946,monotonous
2947,monotony
2948,monster
2949,monstrosities
2950,monstrosity
2951,monstrous
2952,monstrously
2953,moody
2954,moot
2955,mope
2956,morbid
2957,morbidly
2958,mordant
2959,mordantly
2960,moribund
2961,moron
2962,moronic
2963,morons
2964,mortification
2965,mortified
2966,mortify
2967,mortifying
2968,motionless
2969,motley
2970,mourn
2971,mourner
2972,mournful
2973,mournfully
2974,muddle
2975,muddy
2976,mudslinger
2977,mudslinging
2978,mulish
2979,multi-polarization
2980,mundane
2981,murder
2982,murderer
2983,murderous
2984,murderously
2985,murky
2986,muscle-flexing
2987,mushy
2988,musty
2989,mysterious
2990,mysteriously
2991,mystery
2992,mystify
2993,myth
2994,nag
2995,nagging
2996,naive
2997,naively
2998,narrower
2999,nastily
3000,nastiness
3001,nasty
3002,naughty
3003,nauseate
3004,nauseates
3005,nauseating
3006,nauseatingly
3007,na?e
3008,nebulous
3009,nebulously
3010,needless
3011,needlessly
3012,needy
3013,nefarious
3014,nefariously
3015,negate
3016,negation
3017,negative
3018,negatives
3019,negativity
3020,neglect
3021,neglected
3022,negligence
3023,negligent
3024,nemesis
3025,nepotism
3026,nervous
3027,nervously
3028,nervousness
3029,nettle
3030,nettlesome
3031,neurotic
3032,neurotically
3033,niggle
3034,niggles
3035,nightmare
3036,nightmarish
3037,nightmarishly
3038,nitpick
3039,nitpicking
3040,noise
3041,noises
3042,noisier
3043,noisy
3044,non-confidence
3045,nonexistent
3046,nonresponsive
3047,nonsense
3048,nosey
3049,notoriety
3050,notorious
3051,notoriously
3052,noxious
3053,nuisance
3054,numb
3055,obese
3056,object
3057,objection
3058,objectionable
3059,objections
3060,oblique
3061,obliterate
3062,obliterated
3063,oblivious
3064,obnoxious
3065,obnoxiously
3066,obscene
3067,obscenely
3068,obscenity
3069,obscure
3070,obscured
3071,obscures
3072,obscurity
3073,obsess
3074,obsessive
3075,obsessively
3076,obsessiveness
3077,obsolete
3078,obstacle
3079,obstinate
3080,obstinately
3081,obstruct
3082,obstructed
3083,obstructing
3084,obstruction
3085,obstructs
3086,obtrusive
3087,obtuse
3088,occlude
3089,occluded
3090,occludes
3091,occluding
3092,odd
3093,odder
3094,oddest
3095,oddities
3096,oddity
3097,oddly
3098,odor
3099,offence
3100,offend
3101,offender
3102,offending
3103,offenses
3104,offensive
3105,offensively
3106,offensiveness
3107,officious
3108,ominous
3109,ominously
3110,omission
3111,omit
3112,one-sided
3113,onerous
3114,onerously
3115,onslaught
3116,opinionated
3117,opponent
3118,opportunistic
3119,oppose
3120,opposition
3121,oppositions
3122,oppress
3123,oppression
3124,oppressive
3125,oppressively
3126,oppressiveness
3127,oppressors
3128,ordeal
3129,orphan
3130,ostracize
3131,outbreak
3132,outburst
3133,outbursts
3134,outcast
3135,outcry
3136,outlaw
3137,outmoded
3138,outrage
3139,outraged
3140,outrageous
3141,outrageously
3142,outrageousness
3143,outrages
3144,outsider
3145,over-acted
3146,over-awe
3147,over-balanced
3148,over-hyped
3149,over-priced
3150,over-valuation
3151,overact
3152,overacted
3153,overawe
3154,overbalance
3155,overbalanced
3156,overbearing
3157,overbearingly
3158,overblown
3159,overdo
3160,overdone
3161,overdue
3162,overemphasize
3163,overheat
3164,overkill
3165,overloaded
3166,overlook
3167,overpaid
3168,overpayed
3169,overplay
3170,overpower
3171,overpriced
3172,overrated
3173,overreach
3174,overrun
3175,overshadow
3176,oversight
3177,oversights
3178,oversimplification
3179,oversimplified
3180,oversimplify
3181,oversize
3182,overstate
3183,overstated
3184,overstatement
3185,overstatements
3186,overstates
3187,overtaxed
3188,overthrow
3189,overthrows
3190,overturn
3191,overweight
3192,overwhelm
3193,overwhelmed
3194,overwhelming
3195,overwhelmingly
3196,overwhelms
3197,overzealous
3198,overzealously
3199,overzelous
3200,pain
3201,painful
3202,painfull
3203,painfully
3204,pains
3205,pale
3206,pales
3207,paltry
3208,pan
3209,pandemonium
3210,pander
3211,pandering
3212,panders
3213,panic
3214,panick
3215,panicked
3216,panicking
3217,panicky
3218,paradoxical
3219,paradoxically
3220,paralize
3221,paralyzed
3222,paranoia
3223,paranoid
3224,parasite
3225,pariah
3226,parody
3227,partiality
3228,partisan
3229,partisans
3230,passe
3231,passive
3232,passiveness
3233,pathetic
3234,pathetically
3235,patronize
3236,paucity
3237,pauper
3238,paupers
3239,payback
3240,peculiar
3241,peculiarly
3242,pedantic
3243,peeled
3244,peeve
3245,peeved
3246,peevish
3247,peevishly
3248,penalize
3249,penalty
3250,perfidious
3251,perfidity
3252,perfunctory
3253,peril
3254,perilous
3255,perilously
3256,perish
3257,pernicious
3258,perplex
3259,perplexed
3260,perplexing
3261,perplexity
3262,persecute
3263,persecution
3264,pertinacious
3265,pertinaciously
3266,pertinacity
3267,perturb
3268,perturbed
3269,pervasive
3270,perverse
3271,perversely
3272,perversion
3273,perversity
3274,pervert
3275,perverted
3276,perverts
3277,pessimism
3278,pessimistic
3279,pessimistically
3280,pest
3281,pestilent
3282,petrified
3283,petrify
3284,pettifog
3285,petty
3286,phobia
3287,phobic
3288,phony
3289,picket
3290,picketed
3291,picketing
3292,pickets
3293,picky
3294,pig
3295,pigs
3296,pillage
3297,pillory
3298,pimple
3299,pinch
3300,pique
3301,pitiable
3302,pitiful
3303,pitifully
3304,pitiless
3305,pitilessly
3306,pittance
3307,pity
3308,plagiarize
3309,plague
3310,plasticky
3311,plaything
3312,plea
3313,pleas
3314,plebeian
3315,plight
3316,plot
3317,plotters
3318,ploy
3319,plunder
3320,plunderer
3321,pointless
3322,pointlessly
3323,poison
3324,poisonous
3325,poisonously
3326,pokey
3327,poky
3328,polarisation
3329,polemize
3330,pollute
3331,polluter
3332,polluters
3333,polution
3334,pompous
3335,poor
3336,poorer
3337,poorest
3338,poorly
3339,posturing
3340,pout
3341,poverty
3342,powerless
3343,prate
3344,pratfall
3345,prattle
3346,precarious
3347,precariously
3348,precipitate
3349,precipitous
3350,predatory
3351,predicament
3352,prejudge
3353,prejudice
3354,prejudices
3355,prejudicial
3356,premeditated
3357,preoccupy
3358,preposterous
3359,preposterously
3360,presumptuous
3361,presumptuously
3362,pretence
3363,pretend
3364,pretense
3365,pretentious
3366,pretentiously
3367,prevaricate
3368,pricey
3369,pricier
3370,prick
3371,prickle
3372,prickles
3373,prideful
3374,prik
3375,primitive
3376,prison
3377,prisoner
3378,problem
3379,problematic
3380,problems
3381,procrastinate
3382,procrastinates
3383,procrastination
3384,profane
3385,profanity
3386,prohibit
3387,prohibitive
3388,prohibitively
3389,propaganda
3390,propagandize
3391,proprietary
3392,prosecute
3393,protest
3394,protested
3395,protesting
3396,protests
3397,protracted
3398,provocation
3399,provocative
3400,provoke
3401,pry
3402,pugnacious
3403,pugnaciously
3404,pugnacity
3405,punch
3406,punish
3407,punishable
3408,punitive
3409,punk
3410,puny
3411,puppet
3412,puppets
3413,puzzled
3414,puzzlement
3415,puzzling
3416,quack
3417,qualm
3418,qualms
3419,quandary
3420,quarrel
3421,quarrellous
3422,quarrellously
3423,quarrels
3424,quarrelsome
3425,quash
3426,queer
3427,questionable
3428,quibble
3429,quibbles
3430,quitter
3431,rabid
3432,racism
3433,racist
3434,racists
3435,racy
3436,radical
3437,radicalization
3438,radically
3439,radicals
3440,rage
3441,ragged
3442,raging
3443,rail
3444,raked
3445,rampage
3446,rampant
3447,ramshackle
3448,rancor
3449,randomly
3450,rankle
3451,rant
3452,ranted
3453,ranting
3454,rantingly
3455,rants
3456,rape
3457,raped
3458,raping
3459,rascal
3460,rascals
3461,rash
3462,rattle
3463,rattled
3464,rattles
3465,ravage
3466,raving
3467,reactionary
3468,rebellious
3469,rebuff
3470,rebuke
3471,recalcitrant
3472,recant
3473,recession
3474,recessionary
3475,reckless
3476,recklessly
3477,recklessness
3478,recoil
3479,recourses
3480,redundancy
3481,redundant
3482,refusal
3483,refuse
3484,refused
3485,refuses
3486,refusing
3487,refutation
3488,refute
3489,refuted
3490,refutes
3491,refuting
3492,regress
3493,regression
3494,regressive
3495,regret
3496,regreted
3497,regretful
3498,regretfully
3499,regrets
3500,regrettable
3501,regrettably
3502,regretted
3503,reject
3504,rejected
3505,rejecting
3506,rejection
3507,rejects
3508,relapse
3509,relentless
3510,relentlessly
3511,relentlessness
3512,reluctance
3513,reluctant
3514,reluctantly
3515,remorse
3516,remorseful
3517,remorsefully
3518,remorseless
3519,remorselessly
3520,remorselessness
3521,renounce
3522,renunciation
3523,repel
3524,repetitive
3525,reprehensible
3526,reprehensibly
3527,reprehension
3528,reprehensive
3529,repress
3530,repression
3531,repressive
3532,reprimand
3533,reproach
3534,reproachful
3535,reprove
3536,reprovingly
3537,repudiate
3538,repudiation
3539,repugn
3540,repugnance
3541,repugnant
3542,repugnantly
3543,repulse
3544,repulsed
3545,repulsing
3546,repulsive
3547,repulsively
3548,repulsiveness
3549,resent
3550,resentful
3551,resentment
3552,resignation
3553,resigned
3554,resistance
3555,restless
3556,restlessness
3557,restrict
3558,restricted
3559,restriction
3560,restrictive
3561,resurgent
3562,retaliate
3563,retaliatory
3564,retard
3565,retarded
3566,retardedness
3567,retards
3568,reticent
3569,retract
3570,retreat
3571,retreated
3572,revenge
3573,revengeful
3574,revengefully
3575,revert
3576,revile
3577,reviled
3578,revoke
3579,revolt
3580,revolting
3581,revoltingly
3582,revulsion
3583,revulsive
3584,rhapsodize
3585,rhetoric
3586,rhetorical
3587,ricer
3588,ridicule
3589,ridicules
3590,ridiculous
3591,ridiculously
3592,rife
3593,rift
3594,rifts
3595,rigid
3596,rigidity
3597,rigidness
3598,rile
3599,riled
3600,rip
3601,rip-off
3602,ripoff
3603,ripped
3604,risk
3605,risks
3606,risky
3607,rival
3608,rivalry
3609,roadblocks
3610,rocky
3611,rogue
3612,rollercoaster
3613,rot
3614,rotten
3615,rough
3616,rremediable
3617,rubbish
3618,rude
3619,rue
3620,ruffian
3621,ruffle
3622,ruin
3623,ruined
3624,ruining
3625,ruinous
3626,ruins
3627,rumbling
3628,rumor
3629,rumors
3630,rumours
3631,rumple
3632,run-down
3633,runaway
3634,rupture
3635,rust
3636,rusts
3637,rusty
3638,rut
3639,ruthless
3640,ruthlessly
3641,ruthlessness
3642,ruts
3643,sabotage
3644,sack
3645,sacrificed
3646,sad
3647,sadden
3648,sadly
3649,sadness
3650,sag
3651,sagged
3652,sagging
3653,saggy
3654,sags
3655,salacious
3656,sanctimonious
3657,sap
3658,sarcasm
3659,sarcastic
3660,sarcastically
3661,sardonic
3662,sardonically
3663,sass
3664,satirical
3665,satirize
3666,savage
3667,savaged
3668,savagery
3669,savages
3670,scaly
3671,scam
3672,scams
3673,scandal
3674,scandalize
3675,scandalized
3676,scandalous
3677,scandalously
3678,scandals
3679,scandel
3680,scandels
3681,scant
3682,scapegoat
3683,scar
3684,scarce
3685,scarcely
3686,scarcity
3687,scare
3688,scared
3689,scarier
3690,scariest
3691,scarily
3692,scarred
3693,scars
3694,scary
3695,scathing
3696,scathingly
3697,sceptical
3698,scoff
3699,scoffingly
3700,scold
3701,scolded
3702,scolding
3703,scoldingly
3704,scorching
3705,scorchingly
3706,scorn
3707,scornful
3708,scornfully
3709,scoundrel
3710,scourge
3711,scowl
3712,scramble
3713,scrambled
3714,scrambles
3715,scrambling
3716,scrap
3717,scratch
3718,scratched
3719,scratches
3720,scratchy
3721,scream
3722,screech
3723,screw-up
3724,screwed
3725,screwed-up
3726,screwy
3727,scuff
3728,scuffs
3729,scum
3730,scummy
3731,second-class
3732,second-tier
3733,secretive
3734,sedentary
3735,seedy
3736,seethe
3737,seething
3738,self-coup
3739,self-criticism
3740,self-defeating
3741,self-destructive
3742,self-humiliation
3743,self-interest
3744,self-interested
3745,self-serving
3746,selfinterested
3747,selfish
3748,selfishly
3749,selfishness
3750,semi-retarded
3751,senile
3752,sensationalize
3753,senseless
3754,senselessly
3755,seriousness
3756,sermonize
3757,servitude
3758,set-up
3759,setback
3760,setbacks
3761,sever
3762,severe
3763,severity
3764,sh*t
3765,shabby
3766,shadowy
3767,shady
3768,shake
3769,shaky
3770,shallow
3771,sham
3772,shambles
3773,shame
3774,shameful
3775,shamefully
3776,shamefulness
3777,shameless
3778,shamelessly
3779,shamelessness
3780,shark
3781,sharply
3782,shatter
3783,shemale
3784,shimmer
3785,shimmy
3786,shipwreck
3787,shirk
3788,shirker
3789,shit
3790,shiver
3791,shock
3792,shocked
3793,shocking
3794,shockingly
3795,shoddy
3796,short-lived
3797,shortage
3798,shortchange
3799,shortcoming
3800,shortcomings
3801,shortness
3802,shortsighted
3803,shortsightedness
3804,showdown
3805,shrew
3806,shriek
3807,shrill
3808,shrilly
3809,shrivel
3810,shroud
3811,shrouded
3812,shrug
3813,shun
3814,shunned
3815,sick
3816,sicken
3817,sickening
3818,sickeningly
3819,sickly
3820,sickness
3821,sidetrack
3822,sidetracked
3823,siege
3824,sillily
3825,silly
3826,simplistic
3827,simplistically
3828,sin
3829,sinful
3830,sinfully
3831,sinister
3832,sinisterly
3833,sink
3834,sinking
3835,skeletons
3836,skeptic
3837,skeptical
3838,skeptically
3839,skepticism
3840,sketchy
3841,skimpy
3842,skinny
3843,skittish
3844,skittishly
3845,skulk
3846,slack
3847,slander
3848,slanderer
3849,slanderous
3850,slanderously
3851,slanders
3852,slap
3853,slashing
3854,slaughter
3855,slaughtered
3856,slave
3857,slaves
3858,sleazy
3859,slime
3860,slog
3861,slogged
3862,slogging
3863,slogs
3864,sloooooooooooooow
3865,sloooow
3866,slooow
3867,sloow
3868,sloppily
3869,sloppy
3870,sloth
3871,slothful
3872,slow
3873,slow-moving
3874,slowed
3875,slower
3876,slowest
3877,slowly
3878,sloww
3879,slowww
3880,slowwww
3881,slug
3882,sluggish
3883,slump
3884,slumping
3885,slumpping
3886,slur
3887,slut
3888,sluts
3889,sly
3890,smack
3891,smallish
3892,smash
3893,smear
3894,smell
3895,smelled
3896,smelling
3897,smells
3898,smelly
3899,smelt
3900,smoke
3901,smokescreen
3902,smolder
3903,smoldering
3904,smother
3905,smoulder
3906,smouldering
3907,smudge
3908,smudged
3909,smudges
3910,smudging
3911,smug
3912,smugly
3913,smut
3914,smuttier
3915,smuttiest
3916,smutty
3917,snag
3918,snagged
3919,snagging
3920,snags
3921,snappish
3922,snappishly
3923,snare
3924,snarky
3925,snarl
3926,sneak
3927,sneakily
3928,sneaky
3929,sneer
3930,sneering
3931,sneeringly
3932,snob
3933,snobbish
3934,snobby
3935,snobish
3936,snobs
3937,snub
3938,so-cal
3939,soapy
3940,sob
3941,sober
3942,sobering
3943,solemn
3944,solicitude
3945,somber
3946,sore
3947,sorely
3948,soreness
3949,sorrow
3950,sorrowful
3951,sorrowfully
3952,sorry
3953,sour
3954,sourly
3955,spade
3956,spank
3957,spendy
3958,spew
3959,spewed
3960,spewing
3961,spews
3962,spilling
3963,spinster
3964,spiritless
3965,spite
3966,spiteful
3967,spitefully
3968,spitefulness
3969,splatter
3970,split
3971,splitting
3972,spoil
3973,spoilage
3974,spoilages
3975,spoiled
3976,spoilled
3977,spoils
3978,spook
3979,spookier
3980,spookiest
3981,spookily
3982,spooky
3983,spoon-fed
3984,spoon-feed
3985,spoonfed
3986,sporadic
3987,spotty
3988,spurious
3989,spurn
3990,sputter
3991,squabble
3992,squabbling
3993,squander
3994,squash
3995,squeak
3996,squeaks
3997,squeaky
3998,squeal
3999,squealing
4000,squeals
4001,squirm
4002,stab
4003,stagnant
4004,stagnate
4005,stagnation
4006,staid
4007,stain
4008,stains
4009,stale
4010,stalemate
4011,stall
4012,stalls
4013,stammer
4014,stampede
4015,standstill
4016,stark
4017,starkly
4018,startle
4019,startling
4020,startlingly
4021,starvation
4022,starve
4023,static
4024,steal
4025,stealing
4026,steals
4027,steep
4028,steeply
4029,stench
4030,stereotype
4031,stereotypical
4032,stereotypically
4033,stern
4034,stew
4035,sticky
4036,stiff
4037,stiffness
4038,stifle
4039,stifling
4040,stiflingly
4041,stigma
4042,stigmatize
4043,sting
4044,stinging
4045,stingingly
4046,stingy
4047,stink
4048,stinks
4049,stodgy
4050,stole
4051,stolen
4052,stooge
4053,stooges
4054,stormy
4055,straggle
4056,straggler
4057,strain
4058,strained
4059,straining
4060,strange
4061,strangely
4062,stranger
4063,strangest
4064,strangle
4065,streaky
4066,strenuous
4067,stress
4068,stresses
4069,stressful
4070,stressfully
4071,stricken
4072,strict
4073,strictly
4074,strident
4075,stridently
4076,strife
4077,strike
4078,stringent
4079,stringently
4080,struck
4081,struggle
4082,struggled
4083,struggles
4084,struggling
4085,strut
4086,stubborn
4087,stubbornly
4088,stubbornness
4089,stuck
4090,stuffy
4091,stumble
4092,stumbled
4093,stumbles
4094,stump
4095,stumped
4096,stumps
4097,stun
4098,stunt
4099,stunted
4100,stupid
4101,stupidest
4102,stupidity
4103,stupidly
4104,stupified
4105,stupify
4106,stupor
4107,stutter
4108,stuttered
4109,stuttering
4110,stutters
4111,sty
4112,stymied
4113,sub-par
4114,subdued
4115,subjected
4116,subjection
4117,subjugate
4118,subjugation
4119,submissive
4120,subordinate
4121,subpoena
4122,subpoenas
4123,subservience
4124,subservient
4125,substandard
4126,subtract
4127,subversion
4128,subversive
4129,subversively
4130,subvert
4131,succumb
4132,suck
4133,sucked
4134,sucker
4135,sucks
4136,sucky
4137,sue
4138,sued
4139,sueing
4140,sues
4141,suffer
4142,suffered
4143,sufferer
4144,sufferers
4145,suffering
4146,suffers
4147,suffocate
4148,sugar-coat
4149,sugar-coated
4150,sugarcoated
4151,suicidal
4152,suicide
4153,sulk
4154,sullen
4155,sully
4156,sunder
4157,sunk
4158,sunken
4159,superficial
4160,superficiality
4161,superficially
4162,superfluous
4163,superstition
4164,superstitious
4165,suppress
4166,suppression
4167,surrender
4168,susceptible
4169,suspect
4170,suspicion
4171,suspicions
4172,suspicious
4173,suspiciously
4174,swagger
4175,swamped
4176,sweaty
4177,swelled
4178,swelling
4179,swindle
4180,swipe
4181,swollen
4182,symptom
4183,symptoms
4184,syndrome
4185,taboo
4186,tacky
4187,taint
4188,tainted
4189,tamper
4190,tangle
4191,tangled
4192,tangles
4193,tank
4194,tanked
4195,tanks
4196,tantrum
4197,tardy
4198,tarnish
4199,tarnished
4200,tarnishes
4201,tarnishing
4202,tattered
4203,taunt
4204,taunting
4205,tauntingly
4206,taunts
4207,taut
4208,tawdry
4209,taxing
4210,tease
4211,teasingly
4212,tedious
4213,tediously
4214,temerity
4215,temper
4216,tempest
4217,temptation
4218,tenderness
4219,tense
4220,tension
4221,tentative
4222,tentatively
4223,tenuous
4224,tenuously
4225,tepid
4226,terrible
4227,terribleness
4228,terribly
4229,terror
4230,terror-genic
4231,terrorism
4232,terrorize
4233,testily
4234,testy
4235,tetchily
4236,tetchy
4237,thankless
4238,thicker
4239,thirst
4240,thorny
4241,thoughtless
4242,thoughtlessly
4243,thoughtlessness
4244,thrash
4245,threat
4246,threaten
4247,threatening
4248,threats
4249,threesome
4250,throb
4251,throbbed
4252,throbbing
4253,throbs
4254,throttle
4255,thug
4256,thumb-down
4257,thumbs-down
4258,thwart
4259,time-consuming
4260,timid
4261,timidity
4262,timidly
4263,timidness
4264,tin-y
4265,tingled
4266,tingling
4267,tired
4268,tiresome
4269,tiring
4270,tiringly
4271,toil
4272,toll
4273,top-heavy
4274,topple
4275,torment
4276,tormented
4277,torrent
4278,tortuous
4279,torture
4280,tortured
4281,tortures
4282,torturing
4283,torturous
4284,torturously
4285,totalitarian
4286,touchy
4287,toughness
4288,tout
4289,touted
4290,touts
4291,toxic
4292,traduce
4293,tragedy
4294,tragic
4295,tragically
4296,traitor
4297,traitorous
4298,traitorously
4299,tramp
4300,trample
4301,transgress
4302,transgression
4303,trap
4304,traped
4305,trapped
4306,trash
4307,trashed
4308,trashy
4309,trauma
4310,traumatic
4311,traumatically
4312,traumatize
4313,traumatized
4314,travesties
4315,travesty
4316,treacherous
4317,treacherously
4318,treachery
4319,treason
4320,treasonous
4321,trick
4322,tricked
4323,trickery
4324,tricky
4325,trivial
4326,trivialize
4327,trouble
4328,troubled
4329,troublemaker
4330,troubles
4331,troublesome
4332,troublesomely
4333,troubling
4334,troublingly
4335,truant
4336,tumble
4337,tumbled
4338,tumbles
4339,tumultuous
4340,turbulent
4341,turmoil
4342,twist
4343,twisted
4344,twists
4345,two-faced
4346,two-faces
4347,tyrannical
4348,tyrannically
4349,tyranny
4350,tyrant
4351,ugh
4352,uglier
4353,ugliest
4354,ugliness
4355,ugly
4356,ulterior
4357,ultimatum
4358,ultimatums
4359,ultra-hardline
4360,un-viewable
4361,unable
4362,unacceptable
4363,unacceptablely
4364,unacceptably
4365,unaccessible
4366,unaccustomed
4367,unachievable
4368,unaffordable
4369,unappealing
4370,unattractive
4371,unauthentic
4372,unavailable
4373,unavoidably
4374,unbearable
4375,unbearablely
4376,unbelievable
4377,unbelievably
4378,uncaring
4379,uncertain
4380,uncivil
4381,uncivilized
4382,unclean
4383,unclear
4384,uncollectible
4385,uncomfortable
4386,uncomfortably
4387,uncomfy
4388,uncompetitive
4389,uncompromising
4390,uncompromisingly
4391,unconfirmed
4392,unconstitutional
4393,uncontrolled
4394,unconvincing
4395,unconvincingly
4396,uncooperative
4397,uncouth
4398,uncreative
4399,undecided
4400,undefined
4401,undependability
4402,undependable
4403,undercut
4404,undercuts
4405,undercutting
4406,underdog
4407,underestimate
4408,underlings
4409,undermine
4410,undermined
4411,undermines
4412,undermining
4413,underpaid
4414,underpowered
4415,undersized
4416,undesirable
4417,undetermined
4418,undid
4419,undignified
4420,undissolved
4421,undocumented
4422,undone
4423,undue
4424,unease
4425,uneasily
4426,uneasiness
4427,uneasy
4428,uneconomical
4429,unemployed
4430,unequal
4431,unethical
4432,uneven
4433,uneventful
4434,unexpected
4435,unexpectedly
4436,unexplained
4437,unfairly
4438,unfaithful
4439,unfaithfully
4440,unfamiliar
4441,unfavorable
4442,unfeeling
4443,unfinished
4444,unfit
4445,unforeseen
4446,unforgiving
4447,unfortunate
4448,unfortunately
4449,unfounded
4450,unfriendly
4451,unfulfilled
4452,unfunded
4453,ungovernable
4454,ungrateful
4455,unhappily
4456,unhappiness
4457,unhappy
4458,unhealthy
4459,unhelpful
4460,unilateralism
4461,unimaginable
4462,unimaginably
4463,unimportant
4464,uninformed
4465,uninsured
4466,unintelligible
4467,unintelligile
4468,unipolar
4469,unjust
4470,unjustifiable
4471,unjustifiably
4472,unjustified
4473,unjustly
4474,unkind
4475,unkindly
4476,unknown
4477,unlamentable
4478,unlamentably
4479,unlawful
4480,unlawfully
4481,unlawfulness
4482,unleash
4483,unlicensed
4484,unlikely
4485,unlucky
4486,unmoved
4487,unnatural
4488,unnaturally
4489,unnecessary
4490,unneeded
4491,unnerve
4492,unnerved
4493,unnerving
4494,unnervingly
4495,unnoticed
4496,unobserved
4497,unorthodox
4498,unorthodoxy
4499,unpleasant
4500,unpleasantries
4501,unpopular
4502,unpredictable
4503,unprepared
4504,unproductive
4505,unprofitable
4506,unprove
4507,unproved
4508,unproven
4509,unproves
4510,unproving
4511,unqualified
4512,unravel
4513,unraveled
4514,unreachable
4515,unreadable
4516,unrealistic
4517,unreasonable
4518,unreasonably
4519,unrelenting
4520,unrelentingly
4521,unreliability
4522,unreliable
4523,unresolved
4524,unresponsive
4525,unrest
4526,unruly
4527,unsafe
4528,unsatisfactory
4529,unsavory
4530,unscrupulous
4531,unscrupulously
4532,unsecure
4533,unseemly
4534,unsettle
4535,unsettled
4536,unsettling
4537,unsettlingly
4538,unskilled
4539,unsophisticated
4540,unsound
4541,unspeakable
4542,unspeakablely
4543,unspecified
4544,unstable
4545,unsteadily
4546,unsteadiness
4547,unsteady
4548,unsuccessful
4549,unsuccessfully
4550,unsupported
4551,unsupportive
4552,unsure
4553,unsuspecting
4554,unsustainable
4555,untenable
4556,untested
4557,unthinkable
4558,unthinkably
4559,untimely
4560,untouched
4561,untrue
4562,untrustworthy
4563,untruthful
4564,unusable
4565,unusably
4566,unuseable
4567,unuseably
4568,unusual
4569,unusually
4570,unviewable
4571,unwanted
4572,unwarranted
4573,unwatchable
4574,unwelcome
4575,unwell
4576,unwieldy
4577,unwilling
4578,unwillingly
4579,unwillingness
4580,unwise
4581,unwisely
4582,unworkable
4583,unworthy
4584,unyielding
4585,upbraid
4586,upheaval
4587,uprising
4588,uproar
4589,uproarious
4590,uproariously
4591,uproarous
4592,uproarously
4593,uproot
4594,upset
4595,upseting
4596,upsets
4597,upsetting
4598,upsettingly
4599,urgent
4600,useless
4601,usurp
4602,usurper
4603,utterly
4604,vagrant
4605,vague
4606,vagueness
4607,vain
4608,vainly
4609,vanity
4610,vehement
4611,vehemently
4612,vengeance
4613,vengeful
4614,vengefully
4615,vengefulness
4616,venom
4617,venomous
4618,venomously
4619,vent
4620,vestiges
4621,vex
4622,vexation
4623,vexing
4624,vexingly
4625,vibrate
4626,vibrated
4627,vibrates
4628,vibrating
4629,vibration
4630,vice
4631,vicious
4632,viciously
4633,viciousness
4634,victimize
4635,vile
4636,vileness
4637,vilify
4638,villainous
4639,villainously
4640,villains
4641,villian
4642,villianous
4643,villianously
4644,villify
4645,vindictive
4646,vindictively
4647,vindictiveness
4648,violate
4649,violation
4650,violator
4651,violators
4652,violent
4653,violently
4654,viper
4655,virulence
4656,virulent
4657,virulently
4658,virus
4659,vociferous
4660,vociferously
4661,volatile
4662,volatility
4663,vomit
4664,vomited
4665,vomiting
4666,vomits
4667,vulgar
4668,vulnerable
4669,wack
4670,wail
4671,wallow
4672,wane
4673,waning
4674,wanton
4675,war-like
4676,warily
4677,wariness
4678,warlike
4679,warned
4680,warning
4681,warp
4682,warped
4683,wary
4684,washed-out
4685,waste
4686,wasted
4687,wasteful
4688,wastefulness
4689,wasting
4690,water-down
4691,watered-down
4692,wayward
4693,weak
4694,weaken
4695,weakening
4696,weaker
4697,weakness
4698,weaknesses
4699,weariness
4700,wearisome
4701,weary
4702,wedge
4703,weed
4704,weep
4705,weird
4706,weirdly
4707,wheedle
4708,whimper
4709,whine
4710,whining
4711,whiny
4712,whips
4713,whore
4714,whores
4715,wicked
4716,wickedly
4717,wickedness
4718,wild
4719,wildly
4720,wiles
4721,wilt
4722,wily
4723,wimpy
4724,wince
4725,wobble
4726,wobbled
4727,wobbles
4728,woe
4729,woebegone
4730,woeful
4731,woefully
4732,womanizer
4733,womanizing
4734,worn
4735,worried
4736,worriedly
4737,worrier
4738,worries
4739,worrisome
4740,worry
4741,worrying
4742,worryingly
4743,worse
4744,worsen
4745,worsening
4746,worst
4747,worthless
4748,worthlessly
4749,worthlessness
4750,wound
4751,wounds
4752,wrangle
4753,wrath
4754,wreak
4755,wreaked
4756,wreaks
4757,wreck
4758,wrest
4759,wrestle
4760,wretch
4761,wretched
4762,wretchedly
4763,wretchedness
4764,wrinkle
4765,wrinkled
4766,wrinkles
4767,wrip
4768,wripped
4769,wripping
4770,writhe
4771,wrong
4772,wrongful
4773,wrongly
4774,wrought
4775,yawn
4776,zap
4777,zapped
4778,zaps
4779,zealot
4780,zealous
4781,zealously
4782,zombie
