,name,
0,canon a3500,a3500
1,canon eos 40d ,40d
2,canon eos 5d,5d
3,canon eos 5d ,5d
4,canon eos 60d ,60d
5,canon eos 6d,6d
6,canon eos 70d ,70d
7,canon eos 7d ,7d
8,canon eos 300d,300d
9,canon eos m ,eos m
10,canon eos rebel sl1 ,sl1
11,canon eos rebel t1i ,t1i
12,canon eos rebel t2i ,t2i
13,canon eos rebel t3 ,t3
14,canon eos rebel t3i ,t3i
15,canon eos rebel t4i ,t4i
16,canon eos rebel t5 ,t5
17,canon eos-1d,eos-1d
18,canon g12 10 ,g12
19,canon powershot a1200,a1200
20,canon powershot a1400 ,a1400
21,canon powershot a2400 ,a2400
22,canon powershot a2500 ,a2500
23,canon powershot a2600,a2600
24,canon powershot a4000is ,a4000is
25,canon powershot a495,a495
26,canon powershot a800 ,a800
27,canon powershot d30 waterproof digital camera,d30
28,canon powershot elph 110 hs ,elph 110
29,canon powershot elph 115 ,elph 115
30,canon powershot elph 130,elph 130
31,canon powershot elph 300 ,elph 300
32,canon powershot elph 310,elph 310
33,canon powershot elph 320 ,elph 320
34,canon powershot elph 330 ,elph 330
35,canon powershot elph 520 ,elph 520
36,canon powershot elph 530,elph 530
38,canon powershot g1 x ,g1 x
39,canon powershot g15 ,g15
40,canon powershot g16,g16
41,canon powershot g1x ,g1x
42,canon powershot n ,canon n
43,canon powershot s100 ,s100
44,canon powershot s110 ,s110
45,canon powershot s120,s120
46,canon powershot s90 ,s90
47,canon powershot s95 ,s95
48,canon powershot sd1400 ,sd1400
49,canon powershot sd4000,sd4000
50,canon powershot sd4500 ,sd4500
51,canon powershot sx130,sx130
52,canon powershot sx160 ,sx160
53,canon powershot sx170,sx170
54,canon powershot sx1,sx1
55,canon powershot sx20,sx20
56,canon powershot sx230,sx230
57,canon powershot sx260,sx260
58,canon powershot sx50 ,sx50
59,canon powershot sx510,sx510
60,canon powershot sx600 ,sx600
61,canon powershot sx700,sx700
62,canon rebel t5i ,t5i
63,canon sx30is,sx30is
64,canon sx40 hs,sx40
65,casio ex-fh100,ex-fh100
67,eos 5d mark ii ,5d mark ii
68,ex2f ,ex2f
69,fuji finepix a120,a120
70,fuji finepix e550,e550
71,fuji finepix s3300,s3300
73,fujifilm f800exr,f800exr
74,fujifilm finepix ax650 ,ax650
75,fujifilm finepix f300exr ,f300exr
76,fujifilm finepix f500exr ,f500exr
77,fujifilm finepix f550exr ,f550exr
78,fujifilm finepix f770exr ,f770exr
79,fujifilm finepix f900exr,f900exr
80,fujifilm finepix hs10 ,hs10
81,fujifilm finepix hs20,hs20
82,fujifilm finepix hs30,hs30
83,fujifilm finepix hs35,hs35
84,fujifilm finepix hs50,hs50
85,fujifilm finepix jx680,jx680
86,fujifilm finepix real 3d w3,w3
87,fujifilm finepix s1 ,s1
88,fujifilm finepix s2800hd,s2800hd
89,fujifilm finepix s5,s5
90,fujifilm finepix s8200,s8200
91,fujifilm finepix sl1000 ,sl1000
92,fujifilm finepix t300 ,t300
93,fujifilm x10 ,x10
94,fujifilm x100 ,x100
95,fujifilm x100s,x100s
96,fujifilm x20 ,x20
97,fujifilm x-a1 ,x-a1
98,fujifilm x-e1 ,x-e1
99,fujifilm x-e1,x-e1
100,fujifilm x-e2 ,x-e2
101,fujifilm xf1 ,xf1
102,fujifilm x-m1,x-m1
103,fujifilm x-pro 1,x-pro 1
104,fujifilm xq1,xq1
105,fujifilm x-s1 ,x-s1
106,fujifilm x-t1 ,x-t1
107,ge power pro x500-bk ,x500-bk
108,kodak easyshare c122 ,c122
109,kodak easyshare c182,c182
110,kodak easyshare c195 ,c195
111,kodak easyshare m340,m340
112,kodak easyshare m580 ,m580
113,kodak easyshare z981 ,z981
114,kodak easyshare z990 ,z990
115,kodak easyshare zd15 ,zd15
116,konica minolta dimage a200 ,a200
117,konica minolta x60 ,x60
118,leica 10760 m,10760 m
119,leica 10803 s,10803 s
120,leica c typ112,c typ112
121,leica digilux ,digilux
122,leica d-lux 4 ,d-lux 4
123,leica dlux 6 ,dlux 6
124,leica d-lux5 ,d-lux5
125,leica v-lux 1 ,v-lux 1
126,leica x1 ,x1
129,nikon 1 aw1 ,aw1
130,nikon 1 j1,j1
131,nikon 1 j3,j3
132,nikon 1 v1 ,v1
133,nikon 1 v2,v2
134,nikon 1 v3 ,v3
135,nikon coolpix aw120 ,aw120
136,nikon coolpix l120,l120
137,nikon coolpix l28 ,l28
138,nikon coolpix l820 ,l820
139,nikon coolpix p100 ,p100
140,nikon coolpix p300,p300
141,nikon coolpix p310 ,p310
142,nikon coolpix p330 ,p330
143,nikon coolpix p340 ,p340
144,nikon coolpix p500 ,p500
145,nikon coolpix p520 ,p520
146,nikon coolpix p600 ,p600
147,nikon coolpix p7000 ,p7000
148,nikon coolpix p7100 ,p7100
149,nikon coolpix p7700 ,p7700
150,nikon coolpix p7800 ,p7800
151,nikon coolpix s205,s205
152,nikon coolpix s3100,s3100
153,nikon coolpix s3100 ,s3100
154,nikon coolpix s8000 ,s8000
155,nikon coolpix s8200 ,s8200
156,nikon coolpix s9100,s9100
157,nikon coolpix s9500 ,s9500
159,nikon d100 ,d100
160,nikon d200 ,d200
161,nikon d300s ,d300s
162,nikon d3100 ,d3100
163,nikon d3200,d3200
164,nikon d3300 ,d3300
165,nikon d4 ,d4
166,nikon d4s,d4s
167,nikon d5100,d5100
168,nikon d5200,d5200
169,nikon d5300 ,d5300
170,nikon d60 ,d60
171,nikon d600,d600
172,nikon d610 ,d610
173,nikon d7000 ,d7000
174,nikon d7100 ,d7100
175,nikon d80,d80
177,nikon d800,d800
178,nikon d800e,d800e
179,nikon d90 ,d90
180,nikon df ,df
181,nx1000 20.3,nx1000
182,olympus 262855 ,262855
183,olympus tg-820 ,tg-820
184,olympus e30 ,e30
185,olympus e-5 ,e-5
186,olympus e-p2 ,e-p2
187,olympus e-p5 ,e-p5
188,olympus e-pm2 ,e-pm2
189,olympus evolt e520,e520
190,olympus evolt e620 ,e620
191,olympus fe210,fe210
192,olympus om-d e-m1 ,e-m1
193,olympus om-d e-m10 ,e-m10
194,olympus om-d e-m5 ,e-m5
195,olympus pen e-p1,e-p1
196,olympus pen e-p1 ,e-p1
197,olympus pen e-p2 ,e-p2
198,olympus pen e-p3 ,e-p3
199,olympus pen e-pl1,e-pl1
200,olympus pen e-pl2,e-pl2
201,olympus pen e-pl2 ,e-pl2
202,olympus pen e-pl3,e-pl3
203,olympus pen e-pm1 ,e-pm1
204,olympus sp-720uz ,sp-720uz
205,olympus stylus 1 ,stylus 1
206,olympus stylus sh-50,stylus sh-50
207,olympus sz-,sz-
208,olympus tough tg-620,tg-620
209,olympus tough tg-830 ,tg-830
210,olympus xz-1 ,xz-1
211,olympus xz-2,xz-2
212,panasonic dmc-fh25k ,dmc-fh25k
213,panasonic dmc-fh25k,dmc-fh25k
214,panasonic dmc-fz150k ,dmc-fz150k
215,panasonic dmc-g5kk,dmc-g5kk
216,panasonic dmc-gf5kk ,dmc-gf5kk
217,panasonic dmc-gf6kk ,dmc-gf6kk
218,panasonic dmc-gh1k,dmc-gh1k
219,panasonic dmc-lx2k ,dmc-lx2k
220,panasonic dmc-zs40k,dmc-zs40k
221,panasonic dmc-zs9 ,dmc-zs9
222,panasonic lumix dmc fh-8 ,dmc-fh-8
223,panasonic lumix dmc-3d1 ,dmc-3d1
224,panasonic lumix dmc-fh1,dmc-fh1
225,panasonic lumix dmc-fh20 ,dmc-fh20
226,panasonic lumix dmc-fz100,dmc-fz100
227,panasonic lumix dmc-fz200 ,dmc-fz200
228,panasonic lumix dmc-fz35 ,dmc-fz35
229,panasonic lumix dmc-fz47k,dmc-fz47k
230,panasonic lumix dmc-fz47k ,dmc-fz47k
231,panasonic lumix dmc-fz60 ,dmc-fz60
232,panasonic lumix dmc-fz70 ,dmc-fz70
233,panasonic lumix dmc-g1 ,dmc-g1
234,panasonic lumix dmc-g10,dmc-g10
235,panasonic lumix dmc-g3,dmc-g3
236,panasonic lumix dmc-gf1,dmc-gf1
237,panasonic lumix dmc-gf2 ,dmc-gf2
238,panasonic lumix dmc-gf3ct,dmc-gf3ct
239,panasonic lumix dmc-gf3kk ,dmc-gf3kk
240,panasonic lumix dmc-gh2,dmc-gh2
241,panasonic lumix dmc-gh3k,dmc-gh3k
242,panasonic lumix dmc-gh4kbody,dmc-gh4kbody
243,panasonic lumix dmc-gm1ks ,dmc-gm1ks
244,panasonic lumix dmc-gx1k ,dmc-gx1k
245,panasonic lumix dmc-lf1,dmc-lf1
246,panasonic lumix dmc-lx5 ,dmc-lx5
247,panasonic lumix dmc-lx7w,dmc-lx7w
248,panasonic lumix dmc-s3,dmc-s3
249,panasonic lumix dmc-zr3,dmc-zr3
251,panasonic lumix dmc-zs10 ,dmc-zs10
252,panasonic lumix dmc-zs25 ,dmc-zs25
253,panasonic lumix dmc-zs6,dmc-zs6
254,panasonic lumix dmc-zs7 ,dmc-zs7
255,panasonic lumix dmc-zs8 ,dmc-zs8
256,panasonic lumix ,lumix
257,panasonic lumix gx7 ,gx7
258,panasonic lumix sz1 ,sz1
259,panasonic lumix sz7,sz7
260,panasonic lumix zs15 ,zs15
261,panasonic lumix zs20 ,zs20
262,pentax 15274 ,15274
263,pentax 645d,645d
264,pentax k-01,k-01
265,pentax k-30,k-30
266,pentax k-5,k-5
267,pentax k-50 ,k-50
268,pentax k-x  ,k-x
269,pentax mx-1,mx-1
270,pentax optio s40,s40
271,pentax optio wg-3 ,wg-3
272,pentax q ,pentax q 
273,pentax q7 ,q7
274,polaroid is2132,is2132
275,ricoh gr ,ricoh gr 
276,ricoh theta ,ricoh theta 
277,samsung digimax l85,l85
278,samsung ec-pl210 ,ec-pl210
279,samsung ec-sh100 ,ec-sh100
280,samsung ec-tl500zbpbus ,ec-tl500zbpbus
281,samsung ev-nx100 ,ev-nx100
282,samsung nx mini,nx mini
283,samsung nx100,nx100
284,samsung nx1000 ,nx1000
285,samsung nx1100,nx1100
287,samsung nx200,nx200
288,samsung nx2000 ,nx2000
289,samsung nx210,nx210
290,samsung nx210 ,nx210
291,samsung nx30,nx30
293,samsung nx300,nx300
294,samsung tl105 ,tl105
295,samsung tl350 ,tl350
296,samsung wb150f,wb150f
297,samsung wb150f ,wb150f
298,samsung wb250f ,wb250f
299,samsung wb250f,wb250f
300,sigma c78900,c78900
301,sigma c79900 ,c79900
302,sigma dp1 ,dp1
303,sigma dp2 ,dp2
304,sigma dp2s,dp2s
305,sigma dp2x ,dp2x
306,sigma sd15,sd15
307,sony a (alpha) slt-a65v (a65),slt-a65v
308,sony a3000 ,a3000
309,sony a55 ,a55
310,sony a65 ,a65
311,sony a7,a7
312,sony a77,a77
313,sony a7r full-frame,a7r
314,sony alpha a6000,a6000
315,sony alpha a7s,a7s
316,sony alpha dslr-a300 ,dslr-a300
317,sony alpha nex nex5k/s,nex5k/s
318,sony alpha nex-c3 ,nex-c3
319,sony alpha slt-a35 ,slt-a35
320,sony alpha slt-a37k ,slt-a37k
321,sony alpha slt-a57 ,slt-a57
322,sony alpha slt-a65vl ,slt-a65vl
323,sony alpha slt-a99v,slt-a99v
324,sony bloggie live(mhs-ts55) ,mhs-ts55
325,sony cyber-shot dsc-hx100v ,dsc-hx100v
326,sony cyber-shot dsc-hx200v,dsc-hx200v
327,sony cyber-shot dsc-hx200v ,dsc-hx200v
328,sony cyber-shot dsc-hx20v ,dsc-hx20v
329,sony cyber-shot dsc-hx30v ,dsc-hx30v
330,sony cyber-shot dsc-hx5v ,dsc-hx5v
331,sony cyber-shot dsc-hx9v,dsc-hx9v
332,sony cybershot dscp73,dscp73
333,sony cybershot dscp73 ,dscp73
334,sony cybershot dscr1 ,dscr1
335,sony cyber-shot dsc-tx66 ,dsc-tx66
336,sony cybershot dscw200 ,dscw200
337,sony cyber-shot dsc-w560,dsc-w560
338,sony cyber-shot dsc-w560 ,dsc-w560
339,sony cyber-shot dscw650 ,dscw650
340,sony cyber-shot dsc-wx150,dsc-wx150
341,sony cyber-shot dsc-wx50 ,dsc-wx50
342,sony dsc-f828 ,dsc-f828
343,sony dsc-hx300/b ,dsc-hx300/b
344,sony dsc-hx50v/b,dsc-hx50v/b
345,sony dsc-rx1/b ,dsc-rx1/b
346,sony dscrx10/b ,dscrx10/b
347,sony dsc-rx100,dsc-rx100
348,sony dsc-rx100/b ,dsc-rx100/b
349,sony dsc-rx100m ii ,dsc-rx100m
350,sony dsc-rx100m iii ,dsc-rx100m
351,sony dsc-w370,dsc-w370
352,sony dsc-wx10 ,dsc-wx10
353,sony dslr slta57k alpha ,slta57k
354,sony dslra580,dslra580
355,sony hx400v/b ,hx400v/b
356,sony hx400v/b,hx400v/b
357,sony mvc-fd91,mvc-fd91
358,sony nex-3nl/w ,nex-3nl/w
359,sony nex-5n,nex-5n
360,sony nex-5rk/s ,nex-5rk/s
361,sony nex-6/b,nex-6/b
362,sony nex-7,nex-7
363,sony nex-f3k/b ,nex-f3k/b
364,sony slt-a58k,slt-a58k
365,sony slt-a65v ,slt-a65v
366,sony wx350 ,wx350
367,svp dc-3d-80 ,dc-3d-80
368,takara tomy ,takara
369,vivicam x014n ,x014n
370,vivitar freelance,vivitar
371,wingscapes wsca04,wsca04
